{
  "name": "normalize-css",
  "version": "2.1.3",
  "main": "normalize.css",
  "author": "Nicolas Gallagher",
  "ignore": [
    "CHANGELOG.md",
    "CONTRIBUTING.md",
    "component.json",
    "test.html"
  ],
  "homepage": "https://github.com/necolas/normalize.css",
  "_release": "2.1.3",
  "_resolution": {
    "type": "version",
    "tag": "v2.1.3",
    "commit": "be14934fad255a01ed345de6ae59ff612adcf3b9"
  },
  "_source": "https://github.com/necolas/normalize.css.git",
  "_target": "v2.1.3",
  "_originalSource": "normalize-css",
  "_direct": true
}